Title,Media URL,Pinterest board,Thumbnail,Description,Link,Publish date,Keywords
Luna Finds Her Blanket,https://snoozystories.com/illustrations/luna/luna-01-cover.png,Snoozy Stories,,"üêë Luna the lamb can't sleep without her favorite blanket. A cozy 2-minute bedtime story for toddlers (ages 2-4). Free illustrated story at Snoozy Stories!",https://snoozystories.com/stories/luna-finds-her-blanket,2026-02-07,"bedtime stories, toddler bedtime, lamb story, blanket story, sleep stories for kids"
Bop the Bunny Says Goodnight,https://snoozystories.com/illustrations/bop-the-bunny-says-goodnight/bop-the-bunny-says-goodnight-01-cover.png,Snoozy Stories,,"üê∞ Bop says goodnight to everyone he loves before hopping into bed. Sweet 2-minute bedtime story for toddlers. Free at Snoozy Stories!",https://snoozystories.com/stories/bop-the-bunny-says-goodnight,2026-02-07,"bedtime stories, bunny story, goodnight story, toddler bedtime, bedtime routine"
Five Little Stars,https://snoozystories.com/illustrations/five-little-stars/five-little-stars-01-cover.png,Snoozy Stories,,"‚≠ê Count the friendly stars as they watch over you! A calming counting bedtime story for toddlers (ages 2-4). Free illustrated story!",https://snoozystories.com/stories/five-little-stars,2026-02-07,"counting books, bedtime stories, stars, toddler learning, night sky story"
Tiny Turtle Takes a Bath,https://snoozystories.com/illustrations/tiny-turtle-takes-a-bath/tiny-turtle-takes-a-bath-01-cover.png,Snoozy Stories,,"üê¢ Tiny Turtle doesn't want a bath... until the bubbles come! Fun 2-minute bedtime story for toddlers. Free at Snoozy Stories!",https://snoozystories.com/stories/tiny-turtle-takes-a-bath,2026-02-08,"bath time, turtle story, toddler bedtime, bubbles, bedtime routine"
The Sleepy Sloth,https://snoozystories.com/illustrations/the-sleepy-sloth/the-sleepy-sloth-01-cover.png,Snoozy Stories,,"ü¶• Sam the Sloth is the slowest... and the sleepiest! A peaceful bedtime story for toddlers (ages 2-4). Free illustrated story!",https://snoozystories.com/stories/the-sleepy-sloth,2026-02-08,"sloth story, bedtime stories, peaceful sleep, toddler bedtime, jungle animals"
Where Is Bear?,https://snoozystories.com/illustrations/where-is-bear/where-is-bear-01-cover.png,Snoozy Stories,,"üß∏ Teddy Bear is hiding! Can you find him? Interactive bedtime story for toddlers. Free at Snoozy Stories!",https://snoozystories.com/stories/where-is-bear,2026-02-08,"teddy bear, hide and seek, toddler bedtime, interactive story, bedtime stories"
Night Night Farm,https://snoozystories.com/illustrations/night-night-farm/night-night-farm-01-cover.png,Snoozy Stories,,"üêÑ Say goodnight to all the farm animals as they go to sleep. Calming 2-minute bedtime story for toddlers. Free illustrated story!",https://snoozystories.com/stories/night-night-farm,2026-02-09,"farm animals, goodnight story, toddler bedtime, cow pig chicken, bedtime stories"
One More Hug,https://snoozystories.com/illustrations/one-more-hug/one-more-hug-01-cover.png,Snoozy Stories,,"ü§ó Baby Bear wants just one more hug before bed! Sweet bedtime story about love and hugs. Free at Snoozy Stories!",https://snoozystories.com/stories/one-more-hug,2026-02-09,"hugs, bedtime stories, toddler love, bear story, goodnight hugs"
Rainbow Dreams,https://snoozystories.com/illustrations/rainbow-dreams/rainbow-dreams-01-cover.png,Snoozy Stories,,"üåà Close your eyes and dream of all the colors of the rainbow. Calming bedtime visualization for toddlers. Free illustrated story!",https://snoozystories.com/stories/rainbow-dreams,2026-02-09,"rainbow, colors, bedtime stories, toddler sleep, calming stories"
Whisper Whisper,https://snoozystories.com/illustrations/whisper-whisper/whisper-whisper-01-cover.png,Snoozy Stories,,"ü§´ At bedtime everything gets quiet... even the whispers. Peaceful 2-minute story for toddlers. Free at Snoozy Stories!",https://snoozystories.com/stories/whisper-whisper,2026-02-10,"quiet time, bedtime stories, peaceful sleep, toddler bedtime, calming"
Moon and Me,https://snoozystories.com/illustrations/moon-and-me/moon-and-me-01-cover.png,Snoozy Stories,,"üåô The moon watches over you while you sleep. Comforting bedtime story for toddlers (ages 2-4). Free illustrated story!",https://snoozystories.com/stories/moon-and-me,2026-02-10,"moon, night sky, bedtime stories, toddler sleep, comforting story"
Soft Things,https://snoozystories.com/illustrations/soft-things/soft-things-01-cover.png,Snoozy Stories,,"üß∏ Bedtime is full of soft cozy things! A sensory bedtime story for toddlers. Free at Snoozy Stories!",https://snoozystories.com/stories/soft-things,2026-02-10,"cozy, soft blanket, bedtime stories, toddler comfort, sensory story"
The Yawn Song,https://snoozystories.com/illustrations/the-yawn-song/the-yawn-song-01-cover.png,Snoozy Stories,,"üò¥ One yawn leads to another... and another... until everyone is sleepy! Fun bedtime story for toddlers. Free illustrated story!",https://snoozystories.com/stories/the-yawn-song,2026-02-11,"yawning, sleepy, bedtime stories, toddler sleep, funny bedtime"
Pip and the Night Train,https://snoozystories.com/illustrations/pip/pip-01-cover.png,Snoozy Stories,,"üöÇ A brave little mouse rides the magical Dream Train to amazing places. 5-minute bedtime adventure for kids ages 5-7. Free at Snoozy Stories!",https://snoozystories.com/stories/pip-and-the-night-train,2026-02-11,"train story, mouse adventure, bedtime stories, dream train, kids stories"
The Girl Who Collected Clouds,https://snoozystories.com/illustrations/clouds/clouds-01-cover.png,Snoozy Stories,,"‚òÅÔ∏è Mira draws clouds in her notebook. One night a cloud visits her back! Heartwarming story for ages 5-7. Free illustrated story!",https://snoozystories.com/stories/the-girl-who-collected-clouds,2026-02-11,"clouds, kindness story, bedtime stories, creative kids, sharing story"
The Sleepy Dragon,https://snoozystories.com/illustrations/dragon/dragon-01-cover.png,Snoozy Stories,,"üêâ A dragon who can't sleep meets a tiny knight who knows just how to help. Sweet bedtime story for ages 5-7. Free at Snoozy Stories!",https://snoozystories.com/stories/the-sleepy-dragon,2026-02-12,"dragon story, knight story, bedtime stories, friendship, cant sleep"
The Lighthouse Keeper's Daughter,https://snoozystories.com/illustrations/the-lighthouse-keepers-daughter/the-lighthouse-keepers-daughter-01-cover.png,Snoozy Stories,,"üè† Maya helps her father keep the lighthouse shining bright. A story about bravery and responsibility. Free bedtime story for ages 5-7!",https://snoozystories.com/stories/the-lighthouse-keepers-daughter,2026-02-12,"lighthouse, brave girl, bedtime stories, responsibility, family story"
The Night Gardener,https://snoozystories.com/illustrations/the-night-gardener/the-night-gardener-01-cover.png,Snoozy Stories,,"üå± Old Mr. Moon tends his garden of dreams while everyone sleeps. Magical bedtime story for ages 5-7. Free at Snoozy Stories!",https://snoozystories.com/stories/the-night-gardener,2026-02-12,"moon, garden, dreams, bedtime stories, magical story"
The Wish Fish,https://snoozystories.com/illustrations/the-wish-fish/the-wish-fish-01-cover.png,Snoozy Stories,,"üêü A magical fish grants wishes‚Äîbut the best wish might surprise you! Thoughtful bedtime story for ages 5-7. Free illustrated story!",https://snoozystories.com/stories/the-wish-fish,2026-02-13,"wishes, fish story, bedtime stories, gratitude, magical story"
The Blanket Fort Kingdom,https://snoozystories.com/illustrations/the-blanket-fort-kingdom/the-blanket-fort-kingdom-01-cover.png,Snoozy Stories,,"üè∞ Every blanket fort holds a secret world‚Äîif you know how to look! Imaginative bedtime story for ages 5-7. Free at Snoozy Stories!",https://snoozystories.com/stories/the-blanket-fort-kingdom,2026-02-13,"blanket fort, imagination, bedtime stories, adventure, creative play"
The Star Collector,https://snoozystories.com/illustrations/the-star-collector/the-star-collector-01-cover.png,Snoozy Stories,,"‚≠ê A lonely boy discovers that the best treasures can't be kept. Beautiful bedtime story for ages 5-7. Free illustrated story!",https://snoozystories.com/stories/the-star-collector,2026-02-13,"stars, sharing, bedtime stories, night sky, friendship story"
The Monster Under My Bed Is Scared,https://snoozystories.com/illustrations/the-monster-under-my-bed-is-scared/the-monster-under-my-bed-is-scared-01-cover.png,Snoozy Stories,,"üëπ What if the monster under your bed was more afraid of YOU? Funny bedtime story for ages 5-7. Free at Snoozy Stories!",https://snoozystories.com/stories/the-monster-under-my-bed-is-scared,2026-02-14,"monster, funny story, bedtime stories, overcoming fear, friendship"
The Dream Library,https://snoozystories.com/illustrations/the-dream-library/the-dream-library-01-cover.png,Snoozy Stories,,"üìö Every night a magical library opens where you can borrow dreams. Enchanting bedtime story for ages 5-7. Free illustrated story!",https://snoozystories.com/stories/the-dream-library,2026-02-14,"library, books, dreams, bedtime stories, magical story"
The Night Bus,https://snoozystories.com/illustrations/the-night-bus/the-night-bus-01-cover.png,Snoozy Stories,,"üöå A special bus picks up sleepy children and takes them to dreamland. Magical bedtime story for ages 5-7. Free at Snoozy Stories!",https://snoozystories.com/stories/the-night-bus,2026-02-14,"bus, dreamland, bedtime stories, sleep journey, magical story"
The Shadow Friend,https://snoozystories.com/illustrations/the-shadow-friend/the-shadow-friend-01-cover.png,Snoozy Stories,,"üåì Your shadow is always with you‚Äîeven in the dark. Comforting bedtime story for ages 5-7. Free illustrated story!",https://snoozystories.com/stories/the-shadow-friend,2026-02-15,"shadow, comfort, bedtime stories, never alone, friendship"
The Sleep Train Engineer,https://snoozystories.com/illustrations/the-sleep-train-engineer/the-sleep-train-engineer-01-cover.png,Snoozy Stories,,"üöÇ Every night someone drives the train that carries us to sleep. Soothing bedtime story for ages 5-7. Free at Snoozy Stories!",https://snoozystories.com/stories/the-sleep-train-engineer,2026-02-15,"train, sleep, bedtime stories, bedtime routine, soothing story"
